{
  "xy_sens": 12.5875,
  "targeting_sens": 75.075,
  "xy_scale": 0.794439,
  "targeting_scale": 1.058194
}